A침o,Deforestaci칩n,Regeneraci칩n,Degradaci칩n
2020,62284.5,37403.46,3804.39
2021,116978.58,13386.51,4806.179999999999
2022,82787.12999999999,22287.78,3110.4
